id,name,abbr,archetype,branch,tier,level_max,stats.spd,stats.atk,stats.rng,stats.def,stats.hp,stats.jump,stats.wp,stats.mag,stats.res,growth.spd,growth.atk,growth.rng,growth.def,growth.hp,growth.jump,growth.wp,growth.mag,growth.res,equipment_access,granted_abilities,required_classes,derived_bonuses,jp_costs,prerequisites
vagabond,Vagabond,VAG,support,generalist,0,10,1.0,,,,3.0,,1.0,2.0,,0.2,,,,1.0,,0.5,0.4,,"[""sword"", ""daggers"", ""staff"", ""sling"", ""light_armor""]",[],[],{},"{""basic_strike"": 20, ""cleave"": 20, ""steal"": 30, ""use_bomb"": 30, ""counter"": 40, ""counter_tackle"": 40, ""hp_plus"": 50}",{}
squire,Squire,SQU,physical_attack,melee,1,10,1.0,3.0,,,10.0,,,,,0.2,0.6,,0.3,1.6,,,,,"[""sword"", ""longsword"", ""greataxe"", ""warhammer"", ""halberd"", ""rapier"", ""medium_armor"", ""light_armor"", ""shield"", ""berserker_band""]",[],[],{},"{""power_strike"": 30, ""bloodthirst"": 40, ""slash"": 60, ""thrust"": 60, ""magic_defense_up"": 70, ""move_plus_1"": 80, ""jump_plus_1"": 90}","{""classes"": [[""vagabond"", 3]]}"
footman,Footman,FOO,physical_defense,guard,1,10,,1.0,,4.0,13.0,,,,1.0,,0.3,,0.6,2.0,,,,0.2,"[""sword"", ""longsword"", ""halberd"", ""mace"", ""heavy_armor"", ""plate_armor"", ""chain_mail"", ""medium_armor"", ""shield"", ""tower_shield"", ""buckler"", ""amulet_of_protection""]",[],[],{},"{""fortify"": 30, ""guard_up"": 40, ""warding"": 60, ""lullaby"": 60, ""concentrate"": 70, ""dual_wield"": 80, ""doublehand"": 90}","{""classes"": [[""vagabond"", 3]]}"
apprentice,Apprentice,APP,magical_attack,arcane,1,10,,,,,,,,4.0,1.0,,,,,0.8,,0.4,0.7,0.3,"[""staff"", ""rod"", ""wand"", ""robe"", ""enchanted_robe"", ""crystal_shield"", ""crown_of_wisdom""]",[],[],{},"{""fire_1"": 30, ""ice_1"": 40, ""thunder_1"": 60, ""arcane_blast"": 60, ""resist_lightning"": 70, ""resist_water"": 80, ""resist_earth"": 90}","{""classes"": [[""vagabond"", 3]]}"
acolyte,Acolyte,ACO,magical_defense,divine,1,10,,,,1.0,5.0,,,2.0,4.0,,,,,1.0,,0.4,0.4,0.6,"[""staff"", ""mace"", ""robe"", ""enchanted_robe"", ""crystal_shield"", ""shield"", ""healers_charm"", ""amulet_of_protection""]",[],[],{},"{""smite"": 30, ""holy_shot"": 40, ""holy_smite"": 60, ""cure_1"": 60, ""resist_wind"": 70, ""resist_holy"": 80, ""resist_dark"": 90}","{""classes"": [[""vagabond"", 3]]}"
page,Page,PAG,support,song,1,10,1.0,,,,4.0,,1.0,2.0,,0.2,,,,1.0,,0.5,0.4,,"[""lute"", ""daggers"", ""rapier"", ""robe"", ""light_armor"", ""war_horn"", ""healers_charm"", ""crown_of_wisdom""]",[],[],{},"{""song_of_speed"": 30, ""threaten"": 40, ""preach"": 60, ""pep_talk"": 60, ""xp_boost"": 70, ""martial_arts"": 80, ""auto_potion"": 90}","{""classes"": [[""vagabond"", 3]]}"
cutpurse,Cutpurse,CUT,control,rogue,1,10,3.0,2.0,,,3.0,,,,,0.5,0.4,,,1.0,,,,,"[""daggers"", ""throwing_knives"", ""rapier"", ""short_bow"", ""sling"", ""light_armor"", ""studded_leather"", ""cloak_of_shadows"", ""smoke_bomb_pouch""]",[],[],{},"{""dispel"": 30, ""smoke_bomb"": 40, ""leg_shot"": 60, ""esuna"": 60, ""move_hp_up"": 70, ""regenerator"": 80, ""blade_grasp"": 90}","{""classes"": [[""vagabond"", 3]]}"
tinker,Tinker,TIN,support,clockwork,1,10,1.0,,,,4.0,,1.0,2.0,,0.2,,,,1.0,,0.5,0.4,,"[""sling"", ""crossbow"", ""mace"", ""light_armor"", ""studded_leather"", ""bracer_of_accuracy""]",[],[],{},"{""magnetic_pulse"": 30, ""net_launcher"": 40, ""nature_salve"": 60, ""mend"": 60, ""equip_gadget"": 70, ""overclock_passive"": 80, ""field_medic"": 90}","{""classes"": [[""vagabond"", 3]]}"
slinger,Slinger,SLI,physical_attack,ranged,1,10,2.0,2.0,1.0,,6.0,,,,,0.3,0.5,0.2,,1.2,,,,,"[""bow"", ""longbow"", ""crossbow"", ""short_bow"", ""sling"", ""light_armor"", ""studded_leather"", ""bracer_of_accuracy"", ""rangers_quiver""]",[],[],{},"{""fire_arrow"": 30, ""ice_arrow"": 40, ""lightning_arrow"": 60, ""fire_shot"": 60, ""bash"": 70, ""parry_strike"": 80, ""war_cry"": 90}","{""classes"": [[""vagabond"", 3]]}"
soldier,Soldier,SOL,physical_attack,melee,2,10,1.0,3.0,,,11.0,,,,,0.2,0.6,,0.3,1.6,,,,,"[""sword"", ""longsword"", ""greataxe"", ""warhammer"", ""halberd"", ""rapier"", ""medium_armor"", ""light_armor"", ""shield"", ""berserker_band""]",[],[],{},"{""backstab"": 50, ""lunge"": 60, ""gut_punch"": 80, ""bulwark_bash"": 80, ""first_strike"": 100, ""vigilance"": 110, ""parry"": 130}","{""classes"": [[""squire"", 4]]}"
warrior,Warrior,WAR,physical_attack,melee,2,10,1.0,3.0,,,11.0,,,,,0.2,0.6,,0.3,1.6,,,,,"[""sword"", ""longsword"", ""greataxe"", ""warhammer"", ""halberd"", ""rapier"", ""medium_armor"", ""light_armor"", ""shield"", ""berserker_band""]",[],[],{},"{""shield_slam"": 50, ""riposte"": 60, ""haste"": 80, ""prophecy"": 80, ""reflexes"": 100, ""deathblow"": 110, ""second_wind"": 130}","{""classes"": [[""squire"", 5]]}"
knight_errant,Knight Errant,KNI,physical_attack,melee,2,10,1.0,3.0,,,11.0,,,,,0.2,0.6,,0.3,1.6,,,,,"[""sword"", ""longsword"", ""greataxe"", ""warhammer"", ""halberd"", ""rapier"", ""medium_armor"", ""light_armor"", ""shield"", ""berserker_band""]",[],[],{},"{""eagle_eye"": 50, ""keen_eye"": 60, ""hunters_mark"": 80, ""ice_shot"": 80, ""evasion_up"": 100, ""stoneskin"": 110, ""hp_boost_1"": 130}","{""classes"": [[""squire"", 4]]}"
myrmidon,Myrmidon,MYR,physical_attack,melee,3,10,1.0,4.0,,,12.0,,,,,0.2,0.6,,0.3,1.6,,,,,"[""sword"", ""longsword"", ""greataxe"", ""warhammer"", ""halberd"", ""rapier"", ""medium_armor"", ""light_armor"", ""shield"", ""berserker_band""]",[],[],{},"{""whirlwind"": 60, ""spin_slash"": 80, ""rend"": 100, ""uppercut"": 100, ""def_boost_1"": 130, ""spd_boost_1"": 150, ""rng_boost_1"": 170}","{""classes"": [[""soldier"", 3]]}"
berserker,Berserker,BER,physical_attack,melee,3,10,1.0,4.0,,,12.0,,,,,0.2,0.6,,0.3,1.6,,,,,"[""sword"", ""longsword"", ""greataxe"", ""warhammer"", ""halberd"", ""rapier"", ""medium_armor"", ""light_armor"", ""shield"", ""berserker_band""]",[],[],{},"{""grapple_throw"": 60, ""spread_shot"": 80, ""bless"": 100, ""counter_stance"": 100, ""wp_boost_1"": 130, ""equip_sword"": 150, ""equip_axe"": 170}","{""classes"": [[""soldier"", 4]]}"
gladiator,Gladiator,GLA,physical_attack,melee,3,10,1.0,4.0,,,12.0,,,,,0.2,0.6,,0.3,1.6,,,,,"[""sword"", ""longsword"", ""greataxe"", ""warhammer"", ""halberd"", ""rapier"", ""medium_armor"", ""light_armor"", ""shield"", ""berserker_band""]",[],[],{},"{""battle_roar"": 60, ""steady_aim"": 80, ""hobble"": 100, ""mark_target"": 100, ""equip_spear"": 130, ""equip_bow"": 150, ""equip_dagger"": 170}","{""classes"": [[""warrior"", 4]]}"
dragoon,Dragoon,DRA,physical_attack,melee,3,10,1.0,4.0,,,12.0,,,,,0.2,0.6,,0.3,1.6,,,,,"[""sword"", ""longsword"", ""greataxe"", ""warhammer"", ""halberd"", ""rapier"", ""medium_armor"", ""light_armor"", ""shield"", ""berserker_band""]",[],[],{},"{""wind_shot"": 60, ""arcane_shot"": 80, ""steam_shot"": 100, ""alchemical_shot"": 100, ""equip_mace"": 130, ""equip_staff"": 150, ""boost_fire"": 170}","{""classes"": [[""soldier"", 5]]}"
lancer,Lancer,LAN,physical_attack,melee,4,10,1.0,4.0,,,13.0,,,,,0.2,0.6,,0.3,1.6,,,,,"[""sword"", ""longsword"", ""greataxe"", ""warhammer"", ""halberd"", ""rapier"", ""medium_armor"", ""light_armor"", ""shield"", ""berserker_band""]",[],[],{},"{""wyvern_strike"": 80, ""frenzy"": 100, ""vengeance"": 130, ""wide_swing"": 130, ""equip_rod"": 160, ""equip_heavy_armor"": 180, ""equip_shield"": 210}","{""classes"": [[""dragoon"", 4]]}"
monk,Monk,MON,physical_attack,melee,2,10,1.0,3.0,,,11.0,,,,,0.2,0.6,,0.3,1.6,,,,,"[""sword"", ""longsword"", ""greataxe"", ""warhammer"", ""halberd"", ""rapier"", ""medium_armor"", ""light_armor"", ""shield"", ""berserker_band""]",[],[],{},"{""lightning_shot"": 50, ""water_shot"": 60, ""earth_shot"": 80, ""rifle_shot"": 80, ""atk_boost_1"": 100, ""resist_poison"": 110, ""resist_arcane"": 130}","{""classes"": [[""squire"", 4]]}"
master_monk,Master Monk,MAS,physical_attack,melee,3,10,1.0,4.0,,,12.0,,,,,0.2,0.6,,0.3,1.6,,,,,"[""sword"", ""longsword"", ""greataxe"", ""warhammer"", ""halberd"", ""rapier"", ""medium_armor"", ""light_armor"", ""shield"", ""berserker_band""]",[],[],{},"{""blunderbuss"": 60, ""armor_piercing"": 80, ""flash_round"": 100, ""gale_slash"": 100, ""boost_ice"": 130, ""boost_lightning"": 150, ""boost_water"": 170}","{""classes"": [[""monk"", 5]]}"
duelist,Duelist,DUE,physical_attack,melee,3,10,1.0,4.0,,,12.0,,,,,0.2,0.6,,0.3,1.6,,,,,"[""sword"", ""longsword"", ""greataxe"", ""warhammer"", ""halberd"", ""rapier"", ""medium_armor"", ""light_armor"", ""shield"", ""berserker_band""]",[],[],{},"{""fire_nova"": 60, ""ice_nova"": 80, ""lightning_nova"": 100, ""rune_lightning"": 100, ""boost_earth"": 130, ""boost_wind"": 150, ""boost_holy"": 170}","{""classes"": [[""squire"", 3], [""cutpurse"", 3]]}"
fencer,Fencer,FEN,physical_attack,melee,4,10,1.0,4.0,,,13.0,,,,,0.2,0.6,,0.3,1.6,,,,,"[""sword"", ""longsword"", ""greataxe"", ""warhammer"", ""halberd"", ""rapier"", ""medium_armor"", ""light_armor"", ""shield"", ""berserker_band""]",[],[],{},"{""crushing_heel"": 80, ""war_stomp"": 100, ""rage"": 130, ""shadow_step"": 130, ""equip_robe"": 160, ""equip_greatsword"": 180, ""damage_split"": 210}","{""classes"": [[""duelist"", 4]]}"
swordmaster,Swordmaster,SWO,physical_attack,melee,5,10,1.0,4.0,,,14.0,,,,,0.2,0.6,,0.3,1.6,,,,,"[""sword"", ""longsword"", ""greataxe"", ""warhammer"", ""halberd"", ""rapier"", ""medium_armor"", ""light_armor"", ""shield"", ""berserker_band""]",[],[],{},"{""reckless_swing"": 90, ""lightning_stab"": 120, ""piercing_thrust"": 160, ""seismic_strike"": 160, ""reraise_innate"": 190, ""retaliate"": 220, ""dodge_roll"": 250}","{""classes"": [[""warrior"", 5], [""duelist"", 3]]}"
blademaster,Blademaster,BLA,physical_attack,melee,6,10,1.0,5.0,,,15.0,,,,,0.2,0.6,,0.3,1.6,,,,,"[""sword"", ""longsword"", ""greataxe"", ""warhammer"", ""halberd"", ""rapier"", ""medium_armor"", ""light_armor"", ""shield"", ""berserker_band""]",[],[],{},"{""dragon_dive"": 110, ""earthshaker"": 140, ""rampage"": 180, ""cross_slash"": 180, ""waterwalk"": 220, ""lavawalk"": 250, ""ignore_terrain"": 290}","{""classes"": [[""swordmaster"", 5]]}"
ronin,Ronin,RON,physical_attack,melee,6,10,1.0,5.0,,,15.0,,,,,0.2,0.6,,0.3,1.6,,,,,"[""sword"", ""longsword"", ""greataxe"", ""warhammer"", ""halberd"", ""rapier"", ""medium_armor"", ""light_armor"", ""shield"", ""berserker_band""]",[],[],{},"{""shield_charge"": 110, ""vanguard_strike"": 140, ""focus_mind"": 180, ""march"": 180, ""ignore_traps"": 220, ""phase_step"": 250, ""teleport_innate"": 290}","{""classes"": [[""swordmaster"", 4]]}"
samurai,Samurai,SAM,physical_attack,melee,7,10,1.0,5.0,,,16.0,,,,,0.2,0.6,,0.3,1.6,,,,,"[""sword"", ""longsword"", ""greataxe"", ""warhammer"", ""halberd"", ""rapier"", ""medium_armor"", ""light_armor"", ""shield"", ""berserker_band""]",[],[],{},"{""iaido_strike"": 120, ""jump"": 160, ""double_slash"": 200, ""double_cut"": 200, ""hp_boost_2"": 250, ""crit_up_1"": 290, ""accuracy_up_1"": 330}","{""classes"": [[""ronin"", 5]]}"
kensei,Kensei,KEN,physical_attack,melee,9,10,1.0,6.0,,,18.0,,,,,0.2,0.6,,0.3,1.6,,,,,"[""sword"", ""longsword"", ""greataxe"", ""warhammer"", ""halberd"", ""rapier"", ""medium_armor"", ""light_armor"", ""shield"", ""berserker_band""]",[],[],{},"{""thousandfold_slash"": 150, ""assassinate"": 200, ""triple_cut"": 260, ""executioner"": 260, ""def_boost_3"": 310, ""spd_boost_3"": 360, ""rng_boost_3"": 410}","{""classes"": [[""samurai"", 5], [""blademaster"", 4]]}"
ravager,Ravager,RAV,physical_attack,melee,4,10,1.0,4.0,,,13.0,,,,,0.2,0.6,,0.3,1.6,,,,,"[""sword"", ""longsword"", ""greataxe"", ""warhammer"", ""halberd"", ""rapier"", ""medium_armor"", ""light_armor"", ""shield"", ""berserker_band""]",[],[],{},"{""bravery"": 80, ""faith"": 100, ""armor_break"": 130, ""arm_shot"": 130, ""auto_regen"": 160, ""critical_recovery"": 180, ""last_stand_innate"": 210}","{""classes"": [[""berserker"", 5]]}"
warlord,Warlord,WAR,physical_attack,melee,5,10,1.0,4.0,,,14.0,,,,,0.2,0.6,,0.3,1.6,,,,,"[""sword"", ""longsword"", ""greataxe"", ""warhammer"", ""halberd"", ""rapier"", ""medium_armor"", ""light_armor"", ""shield"", ""berserker_band""]",[],[],{},"{""whirling_blades"": 90, ""blade_flurry"": 120, ""battle_focus"": 160, ""inner_fire"": 160, ""guard_reflex"": 190, ""vengeful_spirit"": 220, ""thorns"": 250}","{""classes"": [[""gladiator"", 5], [""knight_errant"", 4]]}"
weapon_master,Weapon Master,WEA,physical_attack,melee,8,10,1.0,5.0,,,17.0,,,,,0.2,0.6,,0.3,1.6,,,,,"[""sword"", ""longsword"", ""greataxe"", ""warhammer"", ""halberd"", ""rapier"", ""medium_armor"", ""light_armor"", ""shield"", ""berserker_band""]",[],[],{},"{""masters_arsenal"": 140, ""charge"": 180, ""crushing_blow"": 230, ""overhead_smash"": 230, ""hp_boost_3"": 280, ""atk_boost_2"": 320, ""atk_boost_3"": 370}","{""classes"": [[""blademaster"", 4], [""gladiator"", 4]]}"
archer,Archer,ARC,physical_attack,ranged,2,10,2.0,2.0,1.0,,7.0,,,,,0.3,0.5,0.2,,1.2,,,,,"[""bow"", ""longbow"", ""crossbow"", ""short_bow"", ""sling"", ""light_armor"", ""studded_leather"", ""bracer_of_accuracy"", ""rangers_quiver""]",[],[],{},"{""poison_strike"": 50, ""cripple"": 60, ""pinning_shot"": 80, ""sleep_spell"": 80, ""resist_steam"": 100, ""resist_alchemical"": 110, ""resist_aether"": 130}","{""classes"": [[""slinger"", 4]]}"
hunter,Hunter,HUN,physical_attack,ranged,3,10,2.0,3.0,1.0,,8.0,,,,,0.3,0.5,0.2,,1.2,,,,,"[""bow"", ""longbow"", ""crossbow"", ""short_bow"", ""sling"", ""light_armor"", ""studded_leather"", ""bracer_of_accuracy"", ""rangers_quiver""]",[],[],{},"{""slow"": 60, ""venom"": 80, ""confuse"": 100, ""disable"": 100, ""alchemical_body"": 130, ""item_finder"": 150, ""darkness"": 170}","{""classes"": [[""archer"", 4]]}"
marksman,Marksman,MAR,physical_attack,ranged,3,10,2.0,3.0,1.0,,8.0,,,,,0.3,0.5,0.2,,1.2,,,,,"[""bow"", ""longbow"", ""crossbow"", ""short_bow"", ""sling"", ""light_armor"", ""studded_leather"", ""bracer_of_accuracy"", ""rangers_quiver""]",[],[],{},"{""oil"": 60, ""float"": 80, ""toxic_dart"": 100, ""snare_trap"": 100, ""purge"": 130, ""rune_water"": 150, ""rune_earth"": 170}","{""classes"": [[""archer"", 5]]}"
sharpshooter,Sharpshooter,SHA,physical_attack,ranged,4,10,2.0,3.0,1.0,,9.0,,,,,0.3,0.5,0.2,,1.2,,,,,"[""bow"", ""longbow"", ""crossbow"", ""short_bow"", ""sling"", ""light_armor"", ""studded_leather"", ""bracer_of_accuracy"", ""rangers_quiver""]",[],[],{},"{""volley"": 80, ""aether_shot"": 100, ""sonic_shot"": 130, ""flare_arrow"": 130, ""undead_ward"": 160, ""hamedo_strike"": 180, ""boost_dark"": 210}","{""classes"": [[""marksman"", 5]]}"
sniper,Sniper,SNI,physical_attack,ranged,5,10,2.0,3.0,1.0,,10.0,,,,,0.3,0.5,0.2,,1.2,,,,,"[""bow"", ""longbow"", ""crossbow"", ""short_bow"", ""sling"", ""light_armor"", ""studded_leather"", ""bracer_of_accuracy"", ""rangers_quiver""]",[],[],{},"{""arrow_rain"": 90, ""piercing_shot"": 120, ""multi_shot"": 160, ""pinning_volley"": 160, ""counter_throw"": 190, ""riposte_innate"": 220, ""brace"": 250}","{""classes"": [[""sharpshooter"", 5]]}"
crossbowman,Crossbowman,CRO,physical_attack,ranged,3,10,2.0,3.0,1.0,,8.0,,,,,0.3,0.5,0.2,,1.2,,,,,"[""bow"", ""longbow"", ""crossbow"", ""short_bow"", ""sling"", ""light_armor"", ""studded_leather"", ""bracer_of_accuracy"", ""rangers_quiver""]",[],[],{},"{""rune_wind"": 60, ""rune_arcane"": 80, ""rune_steam"": 100, ""rune_alchemical"": 100, ""rune_aether"": 130, ""rune_sonic"": 150, ""dark_pulse"": 170}","{""classes"": [[""archer"", 3]]}"
arbalist,Arbalist,ARB,physical_attack,ranged,4,10,2.0,3.0,1.0,,9.0,,,,,0.3,0.5,0.2,,1.2,,,,,"[""bow"", ""longbow"", ""crossbow"", ""short_bow"", ""sling"", ""light_armor"", ""studded_leather"", ""bracer_of_accuracy"", ""rangers_quiver""]",[],[],{},"{""poison_arrow"": 80, ""frostbite"": 100, ""electrify"": 130, ""gust_strike"": 130, ""boost_poison"": 160, ""boost_arcane"": 180, ""boost_steam"": 210}","{""classes"": [[""crossbowman"", 4]]}"
ranger,Ranger,RAN,physical_attack,ranged,6,10,2.0,4.0,1.0,,11.0,,,,,0.3,0.5,0.2,,1.2,,,,,"[""bow"", ""longbow"", ""crossbow"", ""short_bow"", ""sling"", ""light_armor"", ""studded_leather"", ""bracer_of_accuracy"", ""rangers_quiver""]",[],[],{},"{""barrage"": 110, ""explosive_shot"": 140, ""suppressing_fire"": 180, ""ricochet"": 180, ""swift_foot"": 220, ""rocket_boots"": 250, ""grapple_line"": 290}","{""classes"": [[""hunter"", 4], [""scout"", 3]]}"
gunner,Gunner,GUN,physical_attack,firearms,3,10,1.0,4.0,1.0,,8.0,,,,,0.2,0.6,0.2,,1.2,,,,,"[""crossbow"", ""sling"", ""throwing_knives"", ""light_armor"", ""studded_leather"", ""bracer_of_accuracy""]",[],[],{},"{""dark_shard"": 60, ""poison_shard"": 80, ""stasis_sword"": 100, ""holy_shard"": 100, ""rune_holy"": 130, ""cura"": 150, ""heal_mid"": 170}","{""classes"": [[""tinker"", 4], [""slinger"", 3]]}"
pistoleer,Pistoleer,PIS,physical_attack,firearms,4,10,1.0,4.0,1.0,,9.0,,,,,0.2,0.6,0.2,,1.2,,,,,"[""crossbow"", ""sling"", ""throwing_knives"", ""light_armor"", ""studded_leather"", ""bracer_of_accuracy""]",[],[],{},"{""revolver_fan"": 80, ""shrapnel_shot"": 100, ""quickdraw"": 130, ""fire_2"": 130, ""gunner_focus"": 160, ""rapid_reload"": 180, ""boost_alchemical"": 210}","{""classes"": [[""gunner"", 4]]}"
rifleman,Rifleman,RIF,physical_attack,firearms,4,10,1.0,4.0,1.0,,9.0,,,,,0.2,0.6,0.2,,1.2,,,,,"[""crossbow"", ""sling"", ""throwing_knives"", ""light_armor"", ""studded_leather"", ""bracer_of_accuracy""]",[],[],{},"{""ice_2"": 80, ""stone_2"": 100, ""aero_2"": 130, ""water_nova"": 130, ""boost_aether"": 160, ""scavenger"": 180, ""earth_nova"": 210}","{""classes"": [[""gunner"", 4]]}"
musketeer,Musketeer,MUS,physical_attack,firearms,5,10,1.0,4.0,1.0,,10.0,,,,,0.2,0.6,0.2,,1.2,,,,,"[""crossbow"", ""sling"", ""throwing_knives"", ""light_armor"", ""studded_leather"", ""bracer_of_accuracy""]",[],[],{},"{""gatling_burst"": 90, ""musket_volley"": 120, ""pepperbox"": 160, ""take_aim"": 160, ""aether_capacitor"": 190, ""pressure_valve"": 220, ""second_wind_innate"": 250}","{""classes"": [[""rifleman"", 5]]}"
gunslinger,Gunslinger,GUN,physical_attack,firearms,7,10,1.0,5.0,1.0,,12.0,,,,,0.2,0.6,0.2,,1.2,,,,,"[""crossbow"", ""sling"", ""throwing_knives"", ""light_armor"", ""studded_leather"", ""bracer_of_accuracy""]",[],[],{},"{""deadshot_volley"": 120, ""dual_pistols"": 160, ""hailstorm_rounds"": 200, ""hastega"": 200, ""tinkerer"": 250, ""piston_legs"": 290, ""perfect_aim"": 330}","{""classes"": [[""pistoleer"", 4], [""marksman"", 3]]}"
artillerist,Artillerist,ART,physical_attack,firearms,5,10,1.0,4.0,1.0,,10.0,,,,,0.2,0.6,0.2,,1.2,,,,,"[""crossbow"", ""sling"", ""throwing_knives"", ""light_armor"", ""studded_leather"", ""bracer_of_accuracy""]",[],[],{},"{""water_2"": 90, ""torrent"": 120, ""fire_wall"": 160, ""flamethrower"": 160, ""levitate"": 190, ""boost_sonic"": 220, ""mag_boost_1"": 250}","{""classes"": [[""rifleman"", 4], [""tinker"", 3]]}"
bombardier,Bombardier,BOM,physical_attack,firearms,6,10,1.0,5.0,1.0,,11.0,,,,,0.2,0.6,0.2,,1.2,,,,,"[""crossbow"", ""sling"", ""throwing_knives"", ""light_armor"", ""studded_leather"", ""bracer_of_accuracy""]",[],[],{},"{""explosive_round"": 110, ""point_blank"": 140, ""called_volley"": 180, ""overdrive"": 180, ""salvager"": 220, ""sure_footed"": 250, ""fly"": 290}","{""classes"": [[""artillerist"", 4]]}"
grenadier,Grenadier,GRE,physical_attack,firearms,9,10,1.0,6.0,1.0,,14.0,,,,,0.2,0.6,0.2,,1.2,,,,,"[""crossbow"", ""sling"", ""throwing_knives"", ""light_armor"", ""studded_leather"", ""bracer_of_accuracy""]",[],[],{},"{""carpet_bombing"": 150, ""sniper_round"": 200, ""hand_cannon"": 260, ""enrage"": 260, ""gadget_master"": 310, ""wp_boost_3"": 360, ""move_plus_3"": 410}","{""classes"": [[""bombardier"", 4], [""alchemist"", 3]]}"
guardian,Guardian,GUA,physical_defense,guard,2,10,,1.0,,4.0,14.0,,,,1.0,,0.3,,0.6,2.0,,,,0.2,"[""sword"", ""longsword"", ""halberd"", ""mace"", ""heavy_armor"", ""plate_armor"", ""chain_mail"", ""medium_armor"", ""shield"", ""tower_shield"", ""buckler"", ""amulet_of_protection""]",[],[],{},"{""iron_will"": 50, ""protect"": 60, ""shell"": 80, ""fortitude_spell"": 80, ""resist_sonic"": 100, ""steam_vent"": 110, ""clockwork_heart"": 130}","{""classes"": [[""footman"", 4]]}"
knight,Knight,KNI,physical_defense,guard,3,10,,1.0,,5.0,15.0,,,,1.0,,0.3,,0.6,2.0,,,,0.2,"[""sword"", ""longsword"", ""halberd"", ""mace"", ""heavy_armor"", ""plate_armor"", ""chain_mail"", ""medium_armor"", ""shield"", ""tower_shield"", ""buckler"", ""amulet_of_protection""]",[],[],{},"{""mana_shield"": 60, ""shield_wall"": 80, ""defensive_stance"": 100, ""group_heal_1"": 100, ""rejuvenate"": 130, ""inspire"": 150, ""lament"": 170}","{""classes"": [[""footman"", 4], [""squire"", 3]]}"
sentinel,Sentinel,SEN,physical_defense,guard,3,10,,1.0,,5.0,15.0,,,,1.0,,0.3,,0.6,2.0,,,,0.2,"[""sword"", ""longsword"", ""halberd"", ""mace"", ""heavy_armor"", ""plate_armor"", ""chain_mail"", ""medium_armor"", ""shield"", ""tower_shield"", ""buckler"", ""amulet_of_protection""]",[],[],{},"{""wiznaibus"": 60, ""mimic_daravon"": 80, ""battle_dance"": 100, ""acid_flask"": 100, ""oil_flask"": 130, ""sleeping_draught"": 150, ""flame_jet"": 170}","{""classes"": [[""guardian"", 5]]}"
defender,Defender,DEF,physical_defense,guard,2,10,,1.0,,4.0,14.0,,,,1.0,,0.3,,0.6,2.0,,,,0.2,"[""sword"", ""longsword"", ""halberd"", ""mace"", ""heavy_armor"", ""plate_armor"", ""chain_mail"", ""medium_armor"", ""shield"", ""tower_shield"", ""buckler"", ""amulet_of_protection""]",[],[],{},"{""net_trap"": 50, ""knee_breaker"": 60, ""guard_break"": 80, ""disarming_strike"": 80, ""gil_finder"": 100, ""treasure_hunter"": 110, ""crushing_grip"": 130}","{""classes"": [[""footman"", 4]]}"
shieldmaster,Shieldmaster,SHI,physical_defense,guard,5,10,,1.0,,5.0,17.0,,,,1.0,,0.3,,0.6,2.0,,,,0.2,"[""sword"", ""longsword"", ""halberd"", ""mace"", ""heavy_armor"", ""plate_armor"", ""chain_mail"", ""medium_armor"", ""shield"", ""tower_shield"", ""buckler"", ""amulet_of_protection""]",[],[],{},"{""shield_formation"": 90, ""ward_circle"": 120, ""iron_stance"": 160, ""silence"": 160, ""res_boost_1"": 190, ""counter_magic"": 220, ""mana_shield_innate"": 250}","{""classes"": [[""guardian"", 4], [""knight"", 3]]}"
paladin,Paladin,PAL,physical_defense,guard,5,10,,1.0,,5.0,17.0,,,,1.0,,0.3,,0.6,2.0,,,,0.2,"[""sword"", ""longsword"", ""halberd"", ""mace"", ""heavy_armor"", ""plate_armor"", ""chain_mail"", ""medium_armor"", ""shield"", ""tower_shield"", ""buckler"", ""amulet_of_protection""]",[],[],{},"{""regen"": 90, ""toad"": 120, ""berserk_spell"": 160, ""stone_gaze"": 160, ""spell_reflect"": 190, ""healer_innate"": 220, ""befuddle"": 250}","{""classes"": [[""knight"", 4], [""page"", 3]]}"
crusader,Crusader,CRU,physical_defense,guard,6,10,,1.0,,6.0,18.0,,,,1.0,,0.3,,0.6,2.0,,,,0.2,"[""sword"", ""longsword"", ""halberd"", ""mace"", ""heavy_armor"", ""plate_armor"", ""chain_mail"", ""medium_armor"", ""shield"", ""tower_shield"", ""buckler"", ""amulet_of_protection""]",[],[],{},"{""barrier"": 110, ""protectga"": 140, ""phalanx"": 180, ""immobilize"": 180, ""absorb_fire"": 220, ""mag_boost_2"": 250, ""res_boost_2"": 290}","{""classes"": [[""paladin"", 5]]}"
templar,Templar,TEM,physical_defense,guard,5,10,,1.0,,5.0,17.0,,,,1.0,,0.3,,0.6,2.0,,,,0.2,"[""sword"", ""longsword"", ""halberd"", ""mace"", ""heavy_armor"", ""plate_armor"", ""chain_mail"", ""medium_armor"", ""shield"", ""tower_shield"", ""buckler"", ""amulet_of_protection""]",[],[],{},"{""pacify"": 90, ""slumber"": 120, ""addle"": 160, ""use_phoenix_down"": 160, ""group_heal_2"": 190, ""healing_rain"": 220, ""ice_lance"": 250}","{""classes"": [[""knight"", 4], [""acolyte"", 3]]}"
warden,Warden,WAR,physical_defense,guard,4,10,,1.0,,5.0,16.0,,,,1.0,,0.3,,0.6,2.0,,,,0.2,"[""sword"", ""longsword"", ""halberd"", ""mace"", ""heavy_armor"", ""plate_armor"", ""chain_mail"", ""medium_armor"", ""shield"", ""tower_shield"", ""buckler"", ""amulet_of_protection""]",[],[],{},"{""sanctuary"": 80, ""consecrate"": 100, ""sanctify"": 130, ""blessing_of_ward"": 130, ""tremor_strike"": 160, ""terrify"": 180, ""arcane_seal"": 210}","{""classes"": [[""sentinel"", 4]]}"
bulwark,Bulwark,BUL,physical_defense,guard,6,10,,1.0,,6.0,18.0,,,,1.0,,0.3,,0.6,2.0,,,,0.2,"[""sword"", ""longsword"", ""halberd"", ""mace"", ""heavy_armor"", ""plate_armor"", ""chain_mail"", ""medium_armor"", ""shield"", ""tower_shield"", ""buckler"", ""amulet_of_protection""]",[],[],{},"{""sap"": 110, ""reflect"": 140, ""ignite"": 180, ""drench"": 180, ""spell_penetration"": 220, ""dual_cast"": 250, ""quick_cast"": 290}","{""classes"": [[""shieldmaster"", 4]]}"
vanguard,Vanguard,VAN,physical_defense,guard,4,10,,1.0,,5.0,16.0,,,,1.0,,0.3,,0.6,2.0,,,,0.2,"[""sword"", ""longsword"", ""halberd"", ""mace"", ""heavy_armor"", ""plate_armor"", ""chain_mail"", ""medium_armor"", ""shield"", ""tower_shield"", ""buckler"", ""amulet_of_protection""]",[],[],{},"{""ensnare"": 80, ""daze"": 100, ""nightmare"": 130, ""cure_2"": 130, ""cure_3"": 160, ""soothing_mist"": 180, ""wind_nova"": 210}","{""classes"": [[""knight"", 4]]}"
bastion,Bastion,BAS,physical_defense,guard,9,10,,1.0,,7.0,21.0,,,,1.0,,0.3,,0.6,2.0,,,,0.2,"[""sword"", ""longsword"", ""halberd"", ""mace"", ""heavy_armor"", ""plate_armor"", ""chain_mail"", ""medium_armor"", ""shield"", ""tower_shield"", ""buckler"", ""amulet_of_protection""]",[],[],{},"{""immovable_fortress"": 150, ""last_stand"": 200, ""holy_aura"": 260, ""doom"": 260, ""jump_plus_3"": 310, ""absorb_sonic"": 360, ""mag_boost_3"": 410}","{""classes"": [[""warden"", 4], [""bulwark"", 3]]}"
man_at_arms,Man-at-Arms,MAN,physical_defense,guard,2,10,,1.0,,4.0,14.0,,,,1.0,,0.3,,0.6,2.0,,,,0.2,"[""sword"", ""longsword"", ""halberd"", ""mace"", ""heavy_armor"", ""plate_armor"", ""chain_mail"", ""medium_armor"", ""shield"", ""tower_shield"", ""buckler"", ""amulet_of_protection""]",[],[],{},"{""crippling_shot"": 50, ""use_potion"": 60, ""purify"": 80, ""triage"": 80, ""scattergun"": 100, ""ice_shard"": 110, ""lightning_shard"": 130}","{""classes"": [[""footman"", 3]]}"
ironclad,Ironclad,IRO,physical_defense,guard,4,10,,1.0,,5.0,16.0,,,,1.0,,0.3,,0.6,2.0,,,,0.2,"[""sword"", ""longsword"", ""halberd"", ""mace"", ""heavy_armor"", ""plate_armor"", ""chain_mail"", ""medium_armor"", ""shield"", ""tower_shield"", ""buckler"", ""amulet_of_protection""]",[],[],{},"{""arcane_nova"": 80, ""steam_nova"": 100, ""alchemical_nova"": 130, ""aether_nova"": 130, ""sonic_nova"": 160, ""bio_2"": 180, ""venom_spray"": 210}","{""classes"": [[""guardian"", 4], [""tinker"", 3]]}"
dreadnought,Dreadnought,DRE,physical_defense,guard,6,10,,1.0,,6.0,18.0,,,,1.0,,0.3,,0.6,2.0,,,,0.2,"[""sword"", ""longsword"", ""halberd"", ""mace"", ""heavy_armor"", ""plate_armor"", ""chain_mail"", ""medium_armor"", ""shield"", ""tower_shield"", ""buckler"", ""amulet_of_protection""]",[],[],{},"{""corrode"": 110, ""enfeeble"": 140, ""hex_spell"": 180, ""blight"": 180, ""spell_economy"": 220, ""inspiring_presence"": 250, ""wither"": 290}","{""classes"": [[""ironclad"", 4], [""sentinel"", 3]]}"
aegis_knight,Aegis Knight,AEG,physical_defense,guard,8,10,,1.0,,6.0,20.0,,,,1.0,,0.3,,0.6,2.0,,,,0.2,"[""sword"", ""longsword"", ""halberd"", ""mace"", ""heavy_armor"", ""plate_armor"", ""chain_mail"", ""medium_armor"", ""shield"", ""tower_shield"", ""buckler"", ""amulet_of_protection""]",[],[],{},"{""absolute_aegis"": 140, ""divine_grace"": 180, ""bulwark"": 230, ""aegis"": 230, ""def_boost_2"": 280, ""spd_boost_2"": 320, ""rng_boost_2"": 370}","{""classes"": [[""shieldmaster"", 4], [""templar"", 3]]}"
mage,Mage,MAG,magical_attack,arcane,2,10,,,,,,,,4.0,1.0,,,,,0.8,,0.4,0.7,0.3,"[""staff"", ""rod"", ""wand"", ""robe"", ""enchanted_robe"", ""crystal_shield"", ""crown_of_wisdom""]",[],[],{},"{""water_shard"": 50, ""earth_shard"": 60, ""wind_shard"": 80, ""arcane_shard"": 80, ""steam_shard"": 100, ""alchemical_shard"": 110, ""aether_shard"": 130}","{""classes"": [[""apprentice"", 4]]}"
black_mage,Black Mage,BLA,magical_attack,arcane,3,10,,,,,,,,5.0,1.0,,,,,0.8,,0.4,0.7,0.3,"[""staff"", ""rod"", ""wand"", ""robe"", ""enchanted_robe"", ""crystal_shield"", ""crown_of_wisdom""]",[],[],{},"{""shrapnel_mine"": 60, ""sonic_shard"": 80, ""rune_fire"": 100, ""rune_ice"": 100, ""lancet"": 130, ""rune_dark"": 150, ""rune_poison"": 170}","{""classes"": [[""mage"", 5]]}"
elementalist,Elementalist,ELE,magical_attack,arcane,3,10,,,,,,,,5.0,1.0,,,,,0.8,,0.4,0.7,0.3,"[""staff"", ""rod"", ""wand"", ""robe"", ""enchanted_robe"", ""crystal_shield"", ""crown_of_wisdom""]",[],[],{},"{""dark_shot"": 60, ""poison_shot"": 80, ""radiant_cone"": 100, ""split_punch"": 100, ""holy_spear"": 130, ""holy_nova"": 150, ""exorcise"": 170}","{""classes"": [[""mage"", 4]]}"
pyromancer,Pyromancer,PYR,magical_attack,arcane,4,10,,,,,,,,5.0,1.0,,,,,0.8,,0.4,0.7,0.3,"[""staff"", ""rod"", ""wand"", ""robe"", ""enchanted_robe"", ""crystal_shield"", ""crown_of_wisdom""]",[],[],{},"{""discord"": 80, ""insult"": 100, ""veil_dance"": 130, ""inspire_courage"": 130, ""healing_chord"": 160, ""focus_fire"": 180, ""fire_bomb"": 210}","{""classes"": [[""elementalist"", 4]]}"
cryomancer,Cryomancer,CRY,magical_attack,arcane,4,10,,,,,,,,5.0,1.0,,,,,0.8,,0.4,0.7,0.3,"[""staff"", ""rod"", ""wand"", ""robe"", ""enchanted_robe"", ""crystal_shield"", ""crown_of_wisdom""]",[],[],{},"{""frost_vial"": 80, ""corrosive_cloud"": 100, ""deploy_turret"": 130, ""turret_barrage"": 130, ""sonic_emitter"": 160, ""frost_breath"": 180, ""fire_spear"": 210}","{""classes"": [[""elementalist"", 4]]}"
electromancer,Electromancer,ELE,magical_attack,arcane,4,10,,,,,,,,5.0,1.0,,,,,0.8,,0.4,0.7,0.3,"[""staff"", ""rod"", ""wand"", ""robe"", ""enchanted_robe"", ""crystal_shield"", ""crown_of_wisdom""]",[],[],{},"{""ice_spear"": 80, ""lightning_spear"": 100, ""water_spear"": 130, ""earth_spear"": 130, ""wind_spear"": 160, ""weapon_break"": 180, ""dark_spear"": 210}","{""classes"": [[""elementalist"", 4]]}"
aeromancer,Aeromancer,AER,magical_attack,arcane,4,10,,,,,,,,5.0,1.0,,,,,0.8,,0.4,0.7,0.3,"[""staff"", ""rod"", ""wand"", ""robe"", ""enchanted_robe"", ""crystal_shield"", ""crown_of_wisdom""]",[],[],{},"{""dark_nova"": 80, ""poison_nova"": 100, ""holy_2"": 130, ""light_pillar"": 130, ""judgment_ray"": 160, ""sandstorm"": 180, ""tempo_shift"": 210}","{""classes"": [[""elementalist"", 4]]}"
geomancer,Geomancer,GEO,magical_attack,arcane,4,10,,,,,,,,5.0,1.0,,,,,0.8,,0.4,0.7,0.3,"[""staff"", ""rod"", ""wand"", ""robe"", ""enchanted_robe"", ""crystal_shield"", ""crown_of_wisdom""]",[],[],{},"{""field_orders"": 80, ""sleeping_melody"": 100, ""pincer_orders"": 130, ""shock_vial"": 130, ""cluster_bomb"": 160, ""incendiary_grenade"": 180, ""gear_storm"": 210}","{""classes"": [[""mage"", 4], [""footman"", 3]]}"
sorcerer,Sorcerer,SOR,magical_attack,arcane,4,10,,,,,,,,5.0,1.0,,,,,0.8,,0.4,0.7,0.3,"[""staff"", ""rod"", ""wand"", ""robe"", ""enchanted_robe"", ""crystal_shield"", ""crown_of_wisdom""]",[],[],{},"{""repair_drone"": 80, ""nanite_swarm"": 100, ""fire_2"": 130, ""ice_2"": 130, ""boost_dark"": 160, ""boost_poison"": 180, ""boost_arcane"": 210}","{""classes"": [[""black_mage"", 5]]}"
sage,Sage,SAG,magical_attack,arcane,5,10,,,,,,,,5.0,1.0,,,,,0.8,,0.4,0.7,0.3,"[""staff"", ""rod"", ""wand"", ""robe"", ""enchanted_robe"", ""crystal_shield"", ""crown_of_wisdom""]",[],[],{},"{""thunder_2"": 90, ""landslide"": 120, ""fissure"": 160, ""cyclone"": 160, ""ring_of_fire"": 190, ""frost_ring"": 220, ""lightning_bolt"": 250}","{""classes"": [[""black_mage"", 4], [""scholar"", 3]]}"
archmage,Archmage,ARC,magical_attack,arcane,7,10,,,,,,,,6.0,1.0,,,,,0.8,,0.4,0.7,0.3,"[""staff"", ""rod"", ""wand"", ""robe"", ""enchanted_robe"", ""crystal_shield"", ""crown_of_wisdom""]",[],[],{},"{""arcane_singularity"": 120, ""fire_3"": 160, ""ice_3"": 200, ""thunder_3"": 200, ""absorb_ice"": 250, ""absorb_lightning"": 290, ""absorb_water"": 330}","{""classes"": [[""sorcerer"", 5], [""sage"", 4]]}"
spellblade,Spellblade,SPE,magical_attack,arcane,4,10,,,,,,,,5.0,1.0,,,,,0.8,,0.4,0.7,0.3,"[""staff"", ""rod"", ""wand"", ""robe"", ""enchanted_robe"", ""crystal_shield"", ""crown_of_wisdom""]",[],[],{},"{""stone_2"": 80, ""aero_2"": 100, ""water_nova"": 130, ""earth_nova"": 130, ""boost_steam"": 160, ""boost_alchemical"": 180, ""boost_aether"": 210}","{""classes"": [[""mage"", 4], [""squire"", 3]]}"
rune_knight,Rune Knight,RUN,magical_attack,arcane,7,10,,,,,,,,6.0,1.0,,,,,0.8,,0.4,0.7,0.3,"[""staff"", ""rod"", ""wand"", ""robe"", ""enchanted_robe"", ""crystal_shield"", ""crown_of_wisdom""]",[],[],{},"{""runic_devastation"": 120, ""chain_lightning"": 160, ""stone_3"": 200, ""aero_3"": 200, ""absorb_earth"": 250, ""absorb_wind"": 290, ""absorb_holy"": 330}","{""classes"": [[""spellblade"", 4], [""knight"", 3]]}"
magus,Magus,MAG,magical_attack,arcane,7,10,,,,,,,,6.0,1.0,,,,,0.8,,0.4,0.7,0.3,"[""staff"", ""rod"", ""wand"", ""robe"", ""enchanted_robe"", ""crystal_shield"", ""crown_of_wisdom""]",[],[],{},"{""arcane_overload"": 120, ""water_3"": 160, ""tsunami"": 200, ""firaga"": 200, ""sure_strike"": 250, ""double_strike"": 290, ""follow_up"": 330}","{""classes"": [[""sorcerer"", 4], [""spellblade"", 4]]}"
stormcaller,Stormcaller,STO,magical_attack,arcane,6,10,,,,,,,,6.0,1.0,,,,,0.8,,0.4,0.7,0.3,"[""staff"", ""rod"", ""wand"", ""robe"", ""enchanted_robe"", ""crystal_shield"", ""crown_of_wisdom""]",[],[],{},"{""static_field"": 110, ""arcane_spear"": 140, ""steam_spear"": 180, ""alchemical_spear"": 180, ""aether_spear"": 220, ""sonic_spear"": 250, ""rallying_cry"": 290}","{""classes"": [[""electromancer"", 4], [""aeromancer"", 4]]}"
aethermancer,Aethermancer,AET,magical_attack,arcane,5,10,,,,,,,,5.0,1.0,,,,,0.8,,0.4,0.7,0.3,"[""staff"", ""rod"", ""wand"", ""robe"", ""enchanted_robe"", ""crystal_shield"", ""crown_of_wisdom""]",[],[],{},"{""magic_break"": 90, ""mind_break"": 120, ""plague_wind"": 160, ""dark_2"": 160, ""poison_spear"": 190, ""crush_punch"": 220, ""holy_explosion"": 250}","{""classes"": [[""elementalist"", 4], [""tinker"", 3]]}"
cultist,Cultist,CUL,magical_attack,dark,2,10,,,,,,,1.0,4.0,1.0,,,,,0.8,,0.4,0.7,0.3,"[""staff"", ""rod"", ""wand"", ""robe"", ""enchanted_robe"", ""cloak_of_shadows""]",[],[],{},"{""courage"": 50, ""encore"": 60, ""angel_song"": 80, ""persuade"": 80, ""distracting_flourish"": 100, ""smoke_screen"": 110, ""sticky_bomb"": 130}","{""classes"": [[""apprentice"", 4]]}"
occultist,Occultist,OCC,magical_attack,dark,3,10,,,,,,,1.0,5.0,1.0,,,,,0.8,,0.4,0.7,0.3,"[""staff"", ""rod"", ""wand"", ""robe"", ""enchanted_robe"", ""cloak_of_shadows""]",[],[],{},"{""steam_jet"": 60, ""piston_punch"": 80, ""concussion_charge"": 100, ""dark_pulse"": 100, ""boost_fire"": 130, ""boost_ice"": 150, ""boost_lightning"": 170}","{""classes"": [[""cultist"", 5]]}"
warlock,Warlock,WAR,magical_attack,dark,7,10,,,,,,,1.0,6.0,1.0,,,,,0.8,,0.4,0.7,0.3,"[""staff"", ""rod"", ""wand"", ""robe"", ""enchanted_robe"", ""cloak_of_shadows""]",[],[],{},"{""abyssal_cataclysm"": 120, ""death_grip"": 160, ""shadow_flare"": 200, ""condemn"": 200, ""deadeye"": 250, ""executioner_innate"": 290, ""armor_breaker"": 330}","{""classes"": [[""occultist"", 4], [""sorcerer"", 3]]}"
necromancer,Necromancer,NEC,magical_attack,dark,5,10,,,,,,,1.0,5.0,1.0,,,,,0.8,,0.4,0.7,0.3,"[""staff"", ""rod"", ""wand"", ""robe"", ""enchanted_robe"", ""cloak_of_shadows""]",[],[],{},"{""seraphic_ray"": 90, ""use_hi_potion"": 120, ""curaja"": 160, ""greater_heal"": 160, ""lay_on_hands"": 190, ""life_song"": 220, ""slow_dance"": 250}","{""classes"": [[""black_mage"", 4], [""cultist"", 4]]}"
shadowmage,Shadowmage,SHA,magical_attack,dark,4,10,,,,,,,1.0,5.0,1.0,,,,,0.8,,0.4,0.7,0.3,"[""staff"", ""rod"", ""wand"", ""robe"", ""enchanted_robe"", ""cloak_of_shadows""]",[],[],{},"{""bio_2"": 80, ""venom_spray"": 100, ""rune_dark"": 130, ""rune_poison"": 130, ""equip_rod"": 160, ""equip_heavy_armor"": 180, ""equip_shield"": 210}","{""classes"": [[""cultist"", 4], [""cutpurse"", 3]]}"
hexer,Hexer,HEX,magical_attack,dark,6,10,,,,,,,1.0,6.0,1.0,,,,,0.8,,0.4,0.7,0.3,"[""staff"", ""rod"", ""wand"", ""robe"", ""enchanted_robe"", ""cloak_of_shadows""]",[],[],{},"{""command_defend"": 110, ""requiem"": 140, ""rousing_anthem"": 180, ""poison_gas"": 180, ""tar_bomb"": 220, ""mutagen_speed"": 250, ""tesla_coil"": 290}","{""classes"": [[""cultist"", 4], [""trickster"", 3]]}"
cleric,Cleric,CLE,magical_defense,divine,2,10,,,,1.0,6.0,,,2.0,4.0,,,,,1.0,,0.4,0.4,0.6,"[""staff"", ""mace"", ""robe"", ""enchanted_robe"", ""crystal_shield"", ""shield"", ""healers_charm"", ""amulet_of_protection""]",[],[],{},"{""hamstring"": 50, ""intimidate"": 60, ""taunt_shout"": 80, ""blinding_shot"": 80, ""smoke_arrow"": 100, ""incendiary_round"": 110, ""cryo_round"": 130}","{""classes"": [[""acolyte"", 4]]}"
white_mage,White Mage,WHI,magical_defense,divine,3,10,,,,1.0,7.0,,,2.0,5.0,,,,,1.0,,0.4,0.4,0.6,"[""staff"", ""mace"", ""robe"", ""enchanted_robe"", ""crystal_shield"", ""shield"", ""healers_charm"", ""amulet_of_protection""]",[],[],{},"{""stasis_sword"": 60, ""holy_shard"": 80, ""rune_holy"": 100, ""cura"": 100, ""boost_water"": 130, ""boost_earth"": 150, ""boost_wind"": 170}","{""classes"": [[""acolyte"", 4], [""page"", 3]]}"
abjurer,Abjurer,ABJ,magical_defense,wards,3,10,,,,1.0,7.0,,,2.0,5.0,,,,,1.0,,0.4,0.4,0.6,"[""staff"", ""rod"", ""robe"", ""enchanted_robe"", ""crystal_shield"", ""healers_charm"", ""amulet_of_protection""]",[],[],{},"{""mana_shield"": 60, ""shield_wall"": 80, ""defensive_stance"": 100, ""slow"": 100, ""boost_holy"": 130, ""def_boost_1"": 150, ""spd_boost_1"": 170}","{""classes"": [[""cleric"", 4]]}"
warder,Warder,WAR,magical_defense,wards,4,10,,,,1.0,8.0,,,2.0,5.0,,,,,1.0,,0.4,0.4,0.6,"[""staff"", ""rod"", ""robe"", ""enchanted_robe"", ""crystal_shield"", ""healers_charm"", ""amulet_of_protection""]",[],[],{},"{""sanctuary"": 80, ""consecrate"": 100, ""sanctify"": 130, ""blessing_of_ward"": 130, ""equip_robe"": 160, ""equip_greatsword"": 180, ""damage_split"": 210}","{""classes"": [[""abjurer"", 5]]}"
spellward,Spellward,SPE,magical_defense,wards,5,10,,,,1.0,9.0,,,2.0,5.0,,,,,1.0,,0.4,0.4,0.6,"[""staff"", ""rod"", ""robe"", ""enchanted_robe"", ""crystal_shield"", ""healers_charm"", ""amulet_of_protection""]",[],[],{},"{""buzzsaw"": 90, ""shield_formation"": 120, ""ward_circle"": 160, ""iron_stance"": 160, ""boost_sonic"": 190, ""mag_boost_1"": 220, ""res_boost_1"": 250}","{""classes"": [[""abjurer"", 4], [""footman"", 3]]}"
runepriest,Runepriest,RUN,magical_defense,divine,5,10,,,,1.0,9.0,,,2.0,5.0,,,,,1.0,,0.4,0.4,0.6,"[""staff"", ""mace"", ""robe"", ""enchanted_robe"", ""crystal_shield"", ""shield"", ""healers_charm"", ""amulet_of_protection""]",[],[],{},"{""holy_2"": 90, ""light_pillar"": 120, ""judgment_ray"": 160, ""use_phoenix_down"": 160, ""counter_magic"": 190, ""mana_shield_innate"": 220, ""spell_reflect"": 250}","{""classes"": [[""cleric"", 4], [""scholar"", 3]]}"
exorcist,Exorcist,EXO,magical_defense,divine,3,10,,,,1.0,7.0,,,2.0,5.0,,,,,1.0,,0.4,0.4,0.6,"[""staff"", ""mace"", ""robe"", ""enchanted_robe"", ""crystal_shield"", ""shield"", ""healers_charm"", ""amulet_of_protection""]",[],[],{},"{""heal_mid"": 60, ""group_heal_1"": 80, ""rejuvenate"": 100, ""venom"": 100, ""rng_boost_1"": 130, ""wp_boost_1"": 150, ""equip_sword"": 170}","{""classes"": [[""cleric"", 5]]}"
inquisitor,Inquisitor,INQ,magical_defense,divine,7,10,,,,1.0,11.0,,,2.0,6.0,,,,,1.0,,0.4,0.4,0.6,"[""staff"", ""mace"", ""robe"", ""enchanted_robe"", ""crystal_shield"", ""shield"", ""healers_charm"", ""amulet_of_protection""]",[],[],{},"{""divine_tribunal"": 120, ""banish"": 160, ""seraph_nova"": 200, ""revive"": 200, ""guardian_aura"": 250, ""meditation"": 290, ""heal_major"": 330}","{""classes"": [[""exorcist"", 4], [""knight"", 3]]}"
oracle,Oracle,ORA,magical_defense,divine,6,10,,,,1.0,10.0,,,2.0,6.0,,,,,1.0,,0.4,0.4,0.6,"[""staff"", ""mace"", ""robe"", ""enchanted_robe"", ""crystal_shield"", ""shield"", ""healers_charm"", ""amulet_of_protection""]",[],[],{},"{""revivify"": 110, ""shellga"": 140, ""steel_skin"": 180, ""magic_barrier"": 180, ""petrify"": 220, ""charm"": 250, ""stop"": 290}","{""classes"": [[""cleric"", 4], [""seer"", 3]]}"
hierophant,Hierophant,HIE,magical_defense,divine,9,10,,,,1.0,13.0,,,2.0,7.0,,,,,1.0,,0.4,0.4,0.6,"[""staff"", ""mace"", ""robe"", ""enchanted_robe"", ""crystal_shield"", ""shield"", ""healers_charm"", ""amulet_of_protection""]",[],[],{},"{""divine_miracle"": 150, ""holyga"": 200, ""holy_maelstrom"": 260, ""arise"": 260, ""res_boost_3"": 310, ""absorb_blow"": 360, ""concentration"": 410}","{""classes"": [[""white_mage"", 5], [""sage"", 3]]}"
aegis_mage,Aegis Mage,AEG,magical_defense,wards,6,10,,,,1.0,10.0,,,2.0,6.0,,,,,1.0,,0.4,0.4,0.6,"[""staff"", ""rod"", ""robe"", ""enchanted_robe"", ""crystal_shield"", ""healers_charm"", ""amulet_of_protection""]",[],[],{},"{""esunaga"": 110, ""death_sentence"": 140, ""mire"": 180, ""shackle"": 180, ""demoralize"": 220, ""curse_of_frailty"": 250, ""renew"": 290}","{""classes"": [[""abjurer"", 4], [""mage"", 3]]}"
nullifier,Nullifier,NUL,magical_defense,wards,7,10,,,,1.0,11.0,,,2.0,6.0,,,,,1.0,,0.4,0.4,0.6,"[""staff"", ""rod"", ""robe"", ""enchanted_robe"", ""crystal_shield"", ""healers_charm"", ""amulet_of_protection""]",[],[],{},"{""absolute_negation"": 120, ""blizzaga"": 160, ""comet"": 200, ""gravija"": 200, ""leaping_strike"": 250, ""haymaker"": 290, ""body_slam"": 330}","{""classes"": [[""abjurer"", 4], [""occultist"", 3]]}"
seer,Seer,SEE,magical_defense,divine,4,10,,,,1.0,8.0,,,2.0,5.0,,,,,1.0,,0.4,0.4,0.6,"[""staff"", ""mace"", ""robe"", ""enchanted_robe"", ""crystal_shield"", ""shield"", ""healers_charm"", ""amulet_of_protection""]",[],[],{},"{""radiant_cone"": 80, ""holy_spear"": 100, ""holy_nova"": 130, ""cure_2"": 130, ""auto_regen"": 160, ""critical_recovery"": 180, ""last_stand_innate"": 210}","{""classes"": [[""scholar"", 3], [""acolyte"", 3]]}"
bishop,Bishop,BIS,magical_defense,divine,4,10,,,,1.0,8.0,,,2.0,5.0,,,,,1.0,,0.4,0.4,0.6,"[""staff"", ""mace"", ""robe"", ""enchanted_robe"", ""crystal_shield"", ""shield"", ""healers_charm"", ""amulet_of_protection""]",[],[],{},"{""cure_3"": 80, ""soothing_mist"": 100, ""poison_arrow"": 130, ""frostbite"": 130, ""undead_ward"": 160, ""hamedo_strike"": 180, ""gunner_focus"": 210}","{""classes"": [[""white_mage"", 5]]}"
herald,Herald,HER,support,song,2,10,1.0,,,,5.0,,1.0,2.0,,0.2,,,,1.0,,0.5,0.4,,"[""lute"", ""daggers"", ""rapier"", ""robe"", ""light_armor"", ""war_horn"", ""healers_charm"", ""crown_of_wisdom""]",[],[],{},"{""taunting_jig"": 50, ""empower"": 60, ""focus_magic"": 80, ""swift"": 80, ""shock_round"": 100, ""stone_1"": 110, ""aero_1"": 130}","{""classes"": [[""page"", 4]]}"
bard,Bard,BAR,support,song,3,10,1.0,,,,6.0,,1.0,3.0,,0.2,,,,1.0,,0.5,0.4,,"[""lute"", ""daggers"", ""rapier"", ""robe"", ""light_armor"", ""war_horn"", ""healers_charm"", ""crown_of_wisdom""]",[],[],{},"{""inspire"": 60, ""lament"": 80, ""wiznaibus"": 100, ""mimic_daravon"": 100, ""item_finder"": 130, ""equip_axe"": 150, ""equip_spear"": 170}","{""classes"": [[""page"", 4], [""cutpurse"", 3]]}"
minstrel,Minstrel,MIN,support,song,4,10,1.0,,,,7.0,,1.0,3.0,,0.2,,,,1.0,,0.5,0.4,,"[""lute"", ""daggers"", ""rapier"", ""robe"", ""light_armor"", ""war_horn"", ""healers_charm"", ""crown_of_wisdom""]",[],[],{},"{""discord"": 80, ""insult"": 100, ""veil_dance"": 130, ""inspire_courage"": 130, ""scavenger"": 160, ""rapid_reload"": 180, ""healing_chord"": 210}","{""classes"": [[""bard"", 5]]}"
dancer,Dancer,DAN,support,song,4,10,1.0,,,,7.0,,1.0,3.0,,0.2,,,,1.0,,0.5,0.4,,"[""lute"", ""daggers"", ""rapier"", ""robe"", ""light_armor"", ""war_horn"", ""healers_charm"", ""crown_of_wisdom""]",[],[],{},"{""focus_fire"": 80, ""rage"": 100, ""shadow_step"": 130, ""bravery"": 130, ""faith"": 160, ""wyvern_strike"": 180, ""frenzy"": 210}","{""classes"": [[""bard"", 4]]}"
skald,Skald,SKA,support,song,5,10,1.0,,,,8.0,,1.0,3.0,,0.2,,,,1.0,,0.5,0.4,,"[""lute"", ""daggers"", ""rapier"", ""robe"", ""light_armor"", ""war_horn"", ""healers_charm"", ""crown_of_wisdom""]",[],[],{},"{""sandstorm"": 90, ""tempo_shift"": 120, ""field_orders"": 160, ""sleeping_melody"": 160, ""healer_innate"": 190, ""reraise_innate"": 220, ""retaliate"": 250}","{""classes"": [[""minstrel"", 4]]}"
scholar,Scholar,SCH,support,tactic,2,10,1.0,,,,5.0,,1.0,2.0,,0.2,,,,1.0,,0.5,0.4,,"[""sword"", ""mace"", ""daggers"", ""light_armor"", ""medium_armor"", ""war_horn"", ""crown_of_wisdom""]",[],[],{},"{""water_1"": 50, ""fire_shard"": 60, ""steam_dart"": 80, ""alchemical_dart"": 80, ""aether_dart"": 100, ""sonic_dart"": 110, ""drain"": 130}","{""classes"": [[""apprentice"", 4]]}"
chemist,Chemist,CHE,support,alchemy,2,10,1.0,,,,5.0,,1.0,2.0,,0.2,,,,1.0,,0.5,0.4,,"[""daggers"", ""sling"", ""staff"", ""robe"", ""light_armor"", ""healers_charm"", ""smoke_bomb_pouch""]",[],[],{},"{""holy_water"": 50, ""flash_powder"": 60, ""elixir_minor"": 80, ""bio_1"": 80, ""dark_1"": 100, ""curse"": 110, ""speed_break"": 130}","{""classes"": [[""tinker"", 4]]}"
alchemist,Alchemist,ALC,support,alchemy,3,10,1.0,,,,6.0,,1.0,3.0,,0.2,,,,1.0,,0.5,0.4,,"[""daggers"", ""sling"", ""staff"", ""robe"", ""light_armor"", ""healers_charm"", ""smoke_bomb_pouch""]",[],[],{},"{""acid_flask"": 60, ""oil_flask"": 80, ""sleeping_draught"": 100, ""confuse"": 100, ""alchemical_body"": 130, ""equip_bow"": 150, ""equip_dagger"": 170}","{""classes"": [[""chemist"", 5]]}"
apothecary,Apothecary,APO,support,alchemy,3,10,1.0,,,,6.0,,1.0,3.0,,0.2,,,,1.0,,0.5,0.4,,"[""daggers"", ""sling"", ""staff"", ""robe"", ""light_armor"", ""healers_charm"", ""smoke_bomb_pouch""]",[],[],{},"{""disable"": 60, ""darkness"": 80, ""oil"": 100, ""float"": 100, ""equip_mace"": 130, ""equip_staff"": 150, ""toxic_dart"": 170}","{""classes"": [[""chemist"", 4]]}"
medic,Medic,MED,support,tactic,3,10,1.0,,,,6.0,,1.0,3.0,,0.2,,,,1.0,,0.5,0.4,,"[""sword"", ""mace"", ""daggers"", ""light_armor"", ""medium_armor"", ""war_horn"", ""crown_of_wisdom""]",[],[],{},"{""bless"": 60, ""counter_stance"": 80, ""battle_roar"": 100, ""steady_aim"": 100, ""battle_dance"": 130, ""snare_trap"": 150, ""purge"": 170}","{""classes"": [[""page"", 4], [""acolyte"", 3]]}"
field_surgeon,Field Surgeon,FIE,support,alchemy,6,10,1.0,,,,9.0,,1.0,4.0,,0.2,,,,1.0,,0.5,0.4,,"[""daggers"", ""sling"", ""staff"", ""robe"", ""light_armor"", ""healers_charm"", ""smoke_bomb_pouch""]",[],[],{},"{""thermite_charge"": 110, ""stim_pack"": 140, ""power_shot"": 180, ""double_shot"": 180, ""rain_of_arrows"": 220, ""rapid_fire"": 250, ""quicken"": 290}","{""classes"": [[""medic"", 4], [""chemist"", 3]]}"
tactician,Tactician,TAC,support,tactic,3,10,1.0,,,,6.0,,1.0,3.0,,0.2,,,,1.0,,0.5,0.4,,"[""sword"", ""mace"", ""daggers"", ""light_armor"", ""medium_armor"", ""war_horn"", ""crown_of_wisdom""]",[],[],{},"{""whirlwind"": 60, ""spin_slash"": 80, ""rend"": 100, ""uppercut"": 100, ""grapple_throw"": 130, ""spread_shot"": 150, ""wind_shot"": 170}","{""classes"": [[""page"", 4], [""squire"", 3]]}"
strategist,Strategist,STR,support,tactic,4,10,1.0,,,,7.0,,1.0,3.0,,0.2,,,,1.0,,0.5,0.4,,"[""sword"", ""mace"", ""daggers"", ""light_armor"", ""medium_armor"", ""war_horn"", ""crown_of_wisdom""]",[],[],{},"{""electrify"": 80, ""gust_strike"": 100, ""tremor_strike"": 130, ""terrify"": 130, ""arcane_seal"": 160, ""ensnare"": 180, ""daze"": 210}","{""classes"": [[""tactician"", 5]]}"
conductor,Conductor,CON,support,clockwork,5,10,1.0,,,,8.0,,1.0,3.0,,0.2,,,,1.0,,0.5,0.4,,"[""sling"", ""crossbow"", ""mace"", ""light_armor"", ""studded_leather"", ""bracer_of_accuracy""]",[],[],{},"{""gear_storm"": 90, ""repair_drone"": 120, ""nanite_swarm"": 160, ""group_heal_2"": 160, ""aether_capacitor"": 190, ""pressure_valve"": 220, ""dodge_roll"": 250}","{""classes"": [[""tinker"", 4], [""bard"", 3]]}"
artificer,Artificer,ART,support,clockwork,4,10,1.0,,,,7.0,,1.0,3.0,,0.2,,,,1.0,,0.5,0.4,,"[""sling"", ""crossbow"", ""mace"", ""light_armor"", ""studded_leather"", ""bracer_of_accuracy""]",[],[],{},"{""deploy_turret"": 80, ""turret_barrage"": 100, ""sonic_emitter"": 130, ""vengeance"": 130, ""wide_swing"": 160, ""crushing_heel"": 180, ""war_stomp"": 210}","{""classes"": [[""tinker"", 4], [""alchemist"", 3]]}"
beastmaster,Beastmaster,BEA,support,beast,5,10,1.0,,,,8.0,,1.0,3.0,,0.2,,,,1.0,,0.5,0.4,,"[""bow"", ""short_bow"", ""daggers"", ""light_armor"", ""studded_leather"", ""rangers_quiver""]",[],[],{},"{""reckless_swing"": 90, ""lightning_stab"": 120, ""piercing_thrust"": 160, ""seismic_strike"": 160, ""guard_reflex"": 190, ""vengeful_spirit"": 220, ""thorns"": 250}","{""classes"": [[""page"", 4], [""hunter"", 3]]}"
thief,Thief,THI,control,rogue,2,10,3.0,2.0,,,4.0,,,,,0.5,0.4,,,1.0,,,,,"[""daggers"", ""throwing_knives"", ""rapier"", ""short_bow"", ""sling"", ""light_armor"", ""studded_leather"", ""cloak_of_shadows"", ""smoke_bomb_pouch""]",[],[],{},"{""poison_strike"": 50, ""cripple"": 60, ""pinning_shot"": 80, ""sleep_spell"": 80, ""first_strike"": 100, ""vigilance"": 110, ""parry"": 130}","{""classes"": [[""cutpurse"", 4]]}"
rogue,Rogue,ROG,control,rogue,3,10,4.0,2.0,,,5.0,,,,,0.5,0.4,,,1.0,,,,,"[""daggers"", ""throwing_knives"", ""rapier"", ""short_bow"", ""sling"", ""light_armor"", ""studded_leather"", ""cloak_of_shadows"", ""smoke_bomb_pouch""]",[],[],{},"{""hobble"": 60, ""mark_target"": 80, ""arcane_shot"": 100, ""steam_shot"": 100, ""alchemical_shot"": 130, ""blunderbuss"": 150, ""armor_piercing"": 170}","{""classes"": [[""thief"", 5]]}"
trickster,Trickster,TRI,control,rogue,3,10,4.0,2.0,,,5.0,,,,,0.5,0.4,,,1.0,,,,,"[""daggers"", ""throwing_knives"", ""rapier"", ""short_bow"", ""sling"", ""light_armor"", ""studded_leather"", ""cloak_of_shadows"", ""smoke_bomb_pouch""]",[],[],{},"{""flash_round"": 60, ""gale_slash"": 80, ""fire_nova"": 100, ""ice_nova"": 100, ""lightning_nova"": 130, ""rune_lightning"": 150, ""rune_water"": 170}","{""classes"": [[""thief"", 4]]}"
assassin,Assassin,ASS,control,rogue,4,10,4.0,2.0,,,6.0,,,,,0.5,0.4,,,1.0,,,,,"[""daggers"", ""throwing_knives"", ""rapier"", ""short_bow"", ""sling"", ""light_armor"", ""studded_leather"", ""cloak_of_shadows"", ""smoke_bomb_pouch""]",[],[],{},"{""nightmare"": 80, ""armor_break"": 100, ""arm_shot"": 130, ""volley"": 130, ""aether_shot"": 160, ""sonic_shot"": 180, ""flare_arrow"": 210}","{""classes"": [[""rogue"", 5]]}"
nightblade,Nightblade,NIG,control,rogue,8,10,5.0,2.0,,,10.0,,,,,0.5,0.4,,,1.0,,,,,"[""daggers"", ""throwing_knives"", ""rapier"", ""short_bow"", ""sling"", ""light_armor"", ""studded_leather"", ""cloak_of_shadows"", ""smoke_bomb_pouch""]",[],[],{},"{""shadow_execution"": 140, ""zombie"": 180, ""disease"": 230, ""slowga"": 230, ""wp_boost_2"": 280, ""move_plus_2"": 320, ""jump_plus_2"": 370}","{""classes"": [[""assassin"", 4], [""shadowmage"", 3]]}"
shadowdancer,Shadowdancer,SHA,control,rogue,7,10,5.0,2.0,,,9.0,,,,,0.5,0.4,,,1.0,,,,,"[""daggers"", ""throwing_knives"", ""rapier"", ""short_bow"", ""sling"", ""light_armor"", ""studded_leather"", ""cloak_of_shadows"", ""smoke_bomb_pouch""]",[],[],{},"{""dance_of_shadows"": 120, ""disarm"": 160, ""aggressive_stance"": 200, ""blessing_of_might"": 200, ""nameless_dance"": 250, ""dirge"": 290, ""demoralizing_shout"": 330}","{""classes"": [[""rogue"", 4], [""dancer"", 3]]}"
saboteur,Saboteur,SAB,control,rogue,4,10,4.0,2.0,,,6.0,,,,,0.5,0.4,,,1.0,,,,,"[""daggers"", ""throwing_knives"", ""rapier"", ""short_bow"", ""sling"", ""light_armor"", ""studded_leather"", ""cloak_of_shadows"", ""smoke_bomb_pouch""]",[],[],{},"{""revolver_fan"": 80, ""shrapnel_shot"": 100, ""quickdraw"": 130, ""wind_nova"": 130, ""arcane_nova"": 160, ""steam_nova"": 180, ""alchemical_nova"": 210}","{""classes"": [[""thief"", 4], [""tinker"", 3]]}"
ninja,Ninja,NIN,control,rogue,6,10,5.0,2.0,,,8.0,,,,,0.5,0.4,,,1.0,,,,,"[""daggers"", ""throwing_knives"", ""rapier"", ""short_bow"", ""sling"", ""light_armor"", ""studded_leather"", ""cloak_of_shadows"", ""smoke_bomb_pouch""]",[],[],{},"{""siren_song"": 110, ""elegy"": 140, ""pressure_blast"": 180, ""overclock_engine"": 180, ""emp_blast"": 220, ""waterwalk"": 250, ""lavawalk"": 290}","{""classes"": [[""assassin"", 4], [""trickster"", 4]]}"
mesmer,Mesmer,MES,control,control,6,10,5.0,2.0,,,8.0,,,,,0.5,0.4,,,1.0,,,,,"[""daggers"", ""rod"", ""wand"", ""staff"", ""robe"", ""light_armor"", ""cloak_of_shadows""]",[],[],{},"{""immobilize"": 110, ""sap"": 140, ""reflect"": 180, ""ignite"": 180, ""absorb_fire"": 220, ""mag_boost_2"": 250, ""res_boost_2"": 290}","{""classes"": [[""trickster"", 4], [""mage"", 3]]}"
enchanter,Enchanter,ENC,control,control,7,10,5.0,2.0,,,9.0,,,,,0.5,0.4,,,1.0,,,,,"[""daggers"", ""rod"", ""wand"", ""staff"", ""robe"", ""light_armor"", ""cloak_of_shadows""]",[],[],{},"{""mass_domination"": 120, ""sleepga"": 160, ""poisonga"": 200, ""ignite_burst"": 200, ""absorb_dark"": 250, ""absorb_poison"": 290, ""absorb_arcane"": 330}","{""classes"": [[""mesmer"", 5]]}"
beguiler,Beguiler,BEG,control,control,8,10,5.0,2.0,,,10.0,,,,,0.5,0.4,,,1.0,,,,,"[""daggers"", ""rod"", ""wand"", ""staff"", ""robe"", ""light_armor"", ""cloak_of_shadows""]",[],[],{},"{""total_bewilderment"": 140, ""shock_burst"": 180, ""terror_wave"": 230, ""hex_cloud"": 230, ""absorb_steam"": 280, ""absorb_alchemical"": 320, ""absorb_aether"": 370}","{""classes"": [[""enchanter"", 4]]}"
plaguebringer,Plaguebringer,PLA,control,control,9,10,6.0,2.0,,,11.0,,,,,0.5,0.4,,,1.0,,,,,"[""daggers"", ""rod"", ""wand"", ""staff"", ""robe"", ""light_armor"", ""cloak_of_shadows""]",[],[],{},"{""pandemic"": 150, ""confusion_cloud"": 200, ""reraise"": 260, ""regenga"": 260, ""condemnation"": 310, ""spell_shatter"": 360, ""meteor"": 410}","{""classes"": [[""alchemist"", 4], [""necromancer"", 3]]}"
venomancer,Venomancer,VEN,control,control,6,10,5.0,2.0,,,8.0,,,,,0.5,0.4,,,1.0,,,,,"[""daggers"", ""rod"", ""wand"", ""staff"", ""robe"", ""light_armor"", ""cloak_of_shadows""]",[],[],{},"{""drench"": 110, ""corrode"": 140, ""enfeeble"": 180, ""hex_spell"": 180, ""spell_penetration"": 220, ""dual_cast"": 250, ""quick_cast"": 290}","{""classes"": [[""alchemist"", 4], [""cultist"", 3]]}"
chronomancer,Chronomancer,CHR,control,control,4,10,4.0,2.0,,,6.0,,,,,0.5,0.4,,,1.0,,,,,"[""daggers"", ""rod"", ""wand"", ""staff"", ""robe"", ""light_armor"", ""cloak_of_shadows""]",[],[],{},"{""aether_nova"": 80, ""sonic_nova"": 100, ""fire_bomb"": 130, ""frost_vial"": 130, ""corrosive_cloud"": 160, ""counter_throw"": 180, ""riposte_innate"": 210}","{""classes"": [[""mage"", 4], [""scholar"", 3]]}"
scout,Scout,SCO,control,rogue,2,10,3.0,2.0,,,4.0,,,,,0.5,0.4,,,1.0,,,,,"[""daggers"", ""throwing_knives"", ""rapier"", ""short_bow"", ""sling"", ""light_armor"", ""studded_leather"", ""cloak_of_shadows"", ""smoke_bomb_pouch""]",[],[],{},"{""net_trap"": 50, ""knee_breaker"": 60, ""guard_break"": 80, ""disarming_strike"": 80, ""reflexes"": 100, ""deathblow"": 110, ""second_wind"": 130}","{""classes"": [[""cutpurse"", 3]]}"
